RecordingId	Domain	Duration	SampleRate	BitDepth	Channels	LeftChannelRole	LeftChannelSpeaker	RightChannelRole	RightChannelSpeaker	RelativeFileName
71786569-03e4-4394-a774-7bf559f86ce7	retail	00:03:11.82000732421875	8000	16	2	agent	B96ADAE4-D9C9-434D-A184-38F1C502775D	customer	DB2C7182-A0C0-4BBB-A070-143029D751FA	Audio/71786569-03e4-4394-a774-7bf559f86ce7.wav
f96a4634-9b20-43fd-996c-508d552323f3	retail	00:04:27.839996337890625	8000	16	2	agent	F402780F-5369-4994-AE8C-447D13E8B9A9	customer	E1EBF390-D319-46CE-96D2-1CEBC0F7396C	Audio/f96a4634-9b20-43fd-996c-508d552323f3.wav
cbe73873-7e42-4f7d-b7ae-848f26631c59	retail	00:02:58.339996337890625	8000	16	2	agent	16E2FDB6-9B2D-4CB8-A22C-80448BCFA5E9	customer	06026B58-2CFF-4041-AB6F-4026942FAEDD	Audio/cbe73873-7e42-4f7d-b7ae-848f26631c59.wav
1ae485bd-9fc8-4f5b-b88d-3ed5123c4abf	retail	00:04:26.8599853515625	8000	16	2	agent	924C354B-AD58-4B4E-B4E5-7A02D1AAFBCE	customer	8BB608CF-8954-4D62-A014-252F45054D60	Audio/1ae485bd-9fc8-4f5b-b88d-3ed5123c4abf.wav
405ec955-fbcd-4a0a-b09b-5784487c06fc	retail	00:04:13.360000610351562	8000	16	2	agent	57881FC4-A7E1-45E5-90B5-CF8D8D54BB0E	customer	6C5007ED-75E7-4FBC-BB11-47222FDCAD04	Audio/405ec955-fbcd-4a0a-b09b-5784487c06fc.wav
0c5f4b3c-ac4a-43b2-8469-1986e80ad3f1	retail	00:03:59.67999267578125	8000	16	2	agent	7C995739-18AF-4AA4-B492-E1EE6B431491	customer	18A5C5AC-610D-4044-A2E4-F4AC8616EEB2	Audio/0c5f4b3c-ac4a-43b2-8469-1986e80ad3f1.wav
3d2f9e20-3dc6-443d-9c5f-85f911388568	retail	00:04:17.079986572265625	8000	16	2	agent	FBC06E9C-3120-4E46-81F7-D20C38838FA7	customer	84E54BBA-78F8-4104-82A1-C5919E4EFF7B	Audio/3d2f9e20-3dc6-443d-9c5f-85f911388568.wav
