RecordingId	Domain	Duration	SampleRate	BitDepth	Channels	LeftChannelRole	LeftChannelSpeaker	RightChannelRole	RightChannelSpeaker	RelativeFileName
bb02ec34-8c9d-4b42-aeac-dcba0840c77b	telco	00:03:26.3800048828125	8000	16	2	agent	16E2FDB6-9B2D-4CB8-A22C-80448BCFA5E9	customer	282875DE-0DE9-4AD6-AB7C-3CC179026141	Audio/bb02ec34-8c9d-4b42-aeac-dcba0840c77b.wav
f60f43d3-6ab5-48c4-8eb1-ac2061e3661d	telco	00:04:10.1199951171875	8000	16	2	agent	8737EDC6-3419-4ADD-A945-A6E6E2F897CE	customer	780AC650-51E6-4C5A-BA8B-A729F45760D6	Audio/f60f43d3-6ab5-48c4-8eb1-ac2061e3661d.wav
8cf42327-97da-498d-a619-6c5bec59e5a3	telco	00:03:21.960006713867188	8000	16	2	agent	E1EBF390-D319-46CE-96D2-1CEBC0F7396C	customer	434663A0-39DB-4D5D-828D-B13C46951B49	Audio/8cf42327-97da-498d-a619-6c5bec59e5a3.wav
c286961d-ae39-47ee-b3f2-638e83b26080	telco	00:03:38.779998779296875	8000	16	2	agent	16E2FDB6-9B2D-4CB8-A22C-80448BCFA5E9	customer	84E54BBA-78F8-4104-82A1-C5919E4EFF7B	Audio/c286961d-ae39-47ee-b3f2-638e83b26080.wav
227c3108-ed81-4c42-b6f9-988f503fcc43	telco	00:04:13.699996948242188	8000	16	2	agent	8737EDC6-3419-4ADD-A945-A6E6E2F897CE	customer	7C995739-18AF-4AA4-B492-E1EE6B431491	Audio/227c3108-ed81-4c42-b6f9-988f503fcc43.wav
9591d37d-3d5f-470b-81ab-f93624f58b92	telco	00:03:29.55999755859375	8000	16	2	agent	882145B4-2242-46F5-BE34-08783B7C919C	customer	6106C194-2F98-4C04-B0DC-666E2B3D10B9	Audio/9591d37d-3d5f-470b-81ab-f93624f58b92.wav
57f44268-fbf9-4616-868e-0768e637f0e6	telco	00:03:48.100006103515625	8000	16	2	agent	B96ADAE4-D9C9-434D-A184-38F1C502775D	customer	882145B4-2242-46F5-BE34-08783B7C919C	Audio/57f44268-fbf9-4616-868e-0768e637f0e6.wav
e15a3822-3849-4ac2-afd2-e426d888c1ee	telco	00:03:50.52799987792969	8000	16	2	agent	16E2FDB6-9B2D-4CB8-A22C-80448BCFA5E9	customer	282875DE-0DE9-4AD6-AB7C-3CC179026141	Audio/e15a3822-3849-4ac2-afd2-e426d888c1ee.wav
