RecordingId	Domain	Duration	SampleRate	BitDepth	Channels	LeftChannelRole	LeftChannelSpeaker	RightChannelRole	RightChannelSpeaker	RelativeFileName
bc4b2543-21b2-4fcc-bd7c-78eb6b19f3b6	insurance	00:03:27.899993896484375	8000	16	2	agent	B96ADAE4-D9C9-434D-A184-38F1C502775D	customer	6106C194-2F98-4C04-B0DC-666E2B3D10B9	Audio/bc4b2543-21b2-4fcc-bd7c-78eb6b19f3b6.wav
11978114-5357-4f58-b3fe-31ef1d8f64bc	insurance	00:03:28.740005493164062	8000	16	2	agent	B96ADAE4-D9C9-434D-A184-38F1C502775D	customer	DB2C7182-A0C0-4BBB-A070-143029D751FA	Audio/11978114-5357-4f58-b3fe-31ef1d8f64bc.wav
a74d7c64-f798-4bf0-890e-bca158c9a830	insurance	00:04:19.32000732421875	8000	16	2	agent	B96ADAE4-D9C9-434D-A184-38F1C502775D	customer	554410AB-C7F5-4E14-AF19-1C60D0040FD4	Audio/a74d7c64-f798-4bf0-890e-bca158c9a830.wav
f6923290-fc2f-417c-899a-db303f0b2402	insurance	00:04:31.660003662109375	8000	16	2	agent	2A49118A-FAB0-44B4-B8D0-AC187E74D471	customer	282875DE-0DE9-4AD6-AB7C-3CC179026141	Audio/f6923290-fc2f-417c-899a-db303f0b2402.wav
70b72d29-b3c9-49cc-b8b3-782e1e26c5eb	insurance	00:04:06.3000030517578125	8000	16	2	agent	882145B4-2242-46F5-BE34-08783B7C919C	customer	7B814CF3-B4E9-418B-A2D5-42F48F457A58	Audio/70b72d29-b3c9-49cc-b8b3-782e1e26c5eb.wav
d85fbb76-4182-4254-9acd-06bd1cb08d6a	insurance	00:04:29.5	8000	16	2	agent	924C354B-AD58-4B4E-B4E5-7A02D1AAFBCE	customer	57881FC4-A7E1-45E5-90B5-CF8D8D54BB0E	Audio/d85fbb76-4182-4254-9acd-06bd1cb08d6a.wav
0853715e-c92a-4ece-b73a-6c46249048b9	insurance	00:04:33.29998779296875	8000	16	2	agent	2A49118A-FAB0-44B4-B8D0-AC187E74D471	customer	D9E94E3E-1FF9-466D-B12C-0C1BC08F9463	Audio/0853715e-c92a-4ece-b73a-6c46249048b9.wav
